<?xml version="1.0" encoding="UTF-8"?>
<GenRun Id="impl_1" LaunchPart="xc7a35tcpg236-1" LaunchTime="1506009141">
  <File Type="WBT-USG" Name="usage_statistics_webtalk.html"/>
  <File Type="RDI-RDI" Name="decoder3_8.vdi"/>
  <File Type="BG-DRC" Name="decoder3_8.drc"/>
  <File Type="BG-BGN" Name="decoder3_8.bgn"/>
  <File Type="BITSTR-SYSDEF" Name="decoder3_8.sysdef"/>
  <File Type="BITSTR-MMI" Name="decoder3_8.mmi"/>
  <File Type="BITSTR-BMM" Name="decoder3_8_bd.bmm"/>
  <File Type="BITSTR-NKY" Name="decoder3_8.nky"/>
  <File Type="BITSTR-RBT" Name="decoder3_8.rbt"/>
  <File Type="BITSTR-MSK" Name="decoder3_8.msk"/>
  <File Type="BG-BIN" Name="decoder3_8.bin"/>
  <File Type="BG-BIT" Name="decoder3_8.bit"/>
  <File Type="POSTROUTE-PHYSOPT-TIMING-RPX" Name="decoder3_8_timing_summary_postroute_physopted.rpx"/>
  <File Type="POSTROUTE-PHYSOPT-TIMING" Name="decoder3_8_timing_summary_postroute_physopted.rpt"/>
  <File Type="POSTROUTE-PHYSOPT-DCP" Name="decoder3_8_postroute_physopt.dcp"/>
  <File Type="ROUTE-CLK" Name="decoder3_8_clock_utilization_routed.rpt"/>
  <File Type="ROUTE-SIMILARITY" Name="decoder3_8_incremental_reuse_routed.rpt"/>
  <File Type="ROUTE-TIMING-RPX" Name="decoder3_8_timing_summary_routed.rpx"/>
  <File Type="ROUTE-TIMING-PB" Name="decoder3_8_timing_summary_routed.pb"/>
  <File Type="ROUTE-TIMINGSUMMARY" Name="decoder3_8_timing_summary_routed.rpt"/>
  <File Type="ROUTE-STATUS-PB" Name="decoder3_8_route_status.pb"/>
  <File Type="ROUTE-STATUS" Name="decoder3_8_route_status.rpt"/>
  <File Type="ROUTE-PWR-SUM" Name="decoder3_8_power_summary_routed.pb"/>
  <File Type="ROUTE-PWR" Name="decoder3_8_power_routed.rpt"/>
  <File Type="ROUTE-DRC-PB" Name="decoder3_8_drc_routed.pb"/>
  <File Type="ROUTE-DRC" Name="decoder3_8_drc_routed.rpt"/>
  <File Type="ROUTE-DCP" Name="decoder3_8_routed.dcp"/>
  <File Type="PHYSOPT-TIMING" Name="decoder3_8_timing_summary_physopted.rpt"/>
  <File Type="PHYSOPT-DRC" Name="decoder3_8_drc_physopted.rpt"/>
  <File Type="PHYSOPT-DCP" Name="decoder3_8_physopt.dcp"/>
  <File Type="POSTPLACE-PWROPT-TIMING" Name="decoder3_8_timing_summary_postplace_pwropted.rpt"/>
  <File Type="POSTPLACE-PWROPT-DCP" Name="decoder3_8_postplace_pwropt.dcp"/>
  <File Type="PLACE-TIMING" Name="decoder3_8_timing_summary_placed.rpt"/>
  <File Type="PLACE-PRE-SIMILARITY" Name="decoder3_8_incremental_reuse_pre_placed.rpt"/>
  <File Type="PLACE-SIMILARITY" Name="decoder3_8_incremental_reuse_placed.rpt"/>
  <File Type="PLACE-CTRL" Name="decoder3_8_control_sets_placed.rpt"/>
  <File Type="PLACE-UTIL-PB" Name="decoder3_8_utilization_placed.pb"/>
  <File Type="PLACE-UTIL" Name="decoder3_8_utilization_placed.rpt"/>
  <File Type="PLACE-CLK" Name="decoder3_8_clock_utilization_placed.rpt"/>
  <File Type="PLACE-IO" Name="decoder3_8_io_placed.rpt"/>
  <File Type="PLACE-DCP" Name="decoder3_8_placed.dcp"/>
  <File Type="PWROPT-TIMING" Name="decoder3_8_timing_summary_pwropted.rpt"/>
  <File Type="PWROPT-DRC" Name="decoder3_8_drc_pwropted.rpt"/>
  <File Type="PWROPT-DCP" Name="decoder3_8_pwropt.dcp"/>
  <File Type="OPT-TIMING" Name="decoder3_8_timing_summary_opted.rpt"/>
  <File Type="OPT-HWDEF" Name="decoder3_8.hwdef"/>
  <File Type="OPT-DRC" Name="decoder3_8_drc_opted.rpt"/>
  <File Type="OPT-DCP" Name="decoder3_8_opt.dcp"/>
  <File Type="INIT-TIMING" Name="decoder3_8_timing_summary_init.rpt"/>
  <File Type="POSTROUTE-PHYSOPT-TIMING-PB" Name="decoder3_8_timing_summary_postroute_physopted.pb"/>
  <File Type="PA-TCL" Name="decoder3_8.tcl"/>
  <File Type="RUN-STRAT" Name="$PDATADIR/runs/impl_1/impl_1.psg"/>
  <File Type="RUN-SRCS" Name="$PDATADIR/runs/impl_1/sources.xml"/>
  <File Type="RUN-CONSTRS" Name="$PDATADIR/runs/impl_1/constrs_in.xml"/>
  <FileSet Name="sources" Type="DesignSrcs" RelSrcDir="$PSRCDIR/sources_1">
    <Filter Type="Srcs"/>
    <File Path="$PSRCDIR/sources_1/new/decoder3_8.v">
      <FileInfo>
        <Attr Name="UsedIn" Val="synthesis"/>
        <Attr Name="UsedIn" Val="implementation"/>
        <Attr Name="UsedIn" Val="simulation"/>
      </FileInfo>
    </File>
    <Config>
      <Option Name="DesignMode" Val="RTL"/>
      <Option Name="TopModule" Val="decoder3_8"/>
      <Option Name="TopAutoSet" Val="TRUE"/>
    </Config>
  </FileSet>
  <FileSet Name="constrs_in" Type="Constrs" RelSrcDir="$PSRCDIR/constrs_1">
    <Filter Type="Constrs"/>
    <File Path="$PSRCDIR/constrs_1/imports/Lab3/Basys3_Master.xdc">
      <FileInfo>
        <Attr Name="ImportPath" Val="$PPRDIR/../Basys3_Master.xdc"/>
        <Attr Name="ImportTime" Val="1505403870"/>
        <Attr Name="UsedIn" Val="synthesis"/>
        <Attr Name="UsedIn" Val="implementation"/>
      </FileInfo>
    </File>
    <Config>
      <Option Name="ConstrsType" Val="XDC"/>
    </Config>
  </FileSet>
  <Strategy Version="1" Minor="2">
    <StratHandle Name="Vivado Implementation Defaults" Flow="Vivado Implementation 2015"/>
    <Step Id="init_design"/>
    <Step Id="opt_design"/>
    <Step Id="power_opt_design"/>
    <Step Id="place_design"/>
    <Step Id="post_place_power_opt_design"/>
    <Step Id="phys_opt_design"/>
    <Step Id="route_design"/>
    <Step Id="post_route_phys_opt_design"/>
    <Step Id="write_bitstream"/>
  </Strategy>
</GenRun>
