<?xml version="1.0" encoding="UTF-8"?>
<GenRun Id="impl_1" LaunchPart="xc7a35tcpg236-1" LaunchTime="1508263746">
  <File Type="BITSTR-RBT" Name="dlatch.rbt"/>
  <File Type="WBT-USG" Name="usage_statistics_webtalk.html"/>
  <File Type="OPT-DCP" Name="dlatch_opt.dcp"/>
  <File Type="RDI-RDI" Name="dlatch.vdi"/>
  <File Type="BITSTR-SYSDEF" Name="dlatch.sysdef"/>
  <File Type="BG-DRC" Name="dlatch.drc"/>
  <File Type="BG-BGN" Name="dlatch.bgn"/>
  <File Type="BITSTR-MMI" Name="dlatch.mmi"/>
  <File Type="BITSTR-BMM" Name="dlatch_bd.bmm"/>
  <File Type="BITSTR-NKY" Name="dlatch.nky"/>
  <File Type="BITSTR-MSK" Name="dlatch.msk"/>
  <File Type="BG-BIN" Name="dlatch.bin"/>
  <File Type="BG-BIT" Name="dlatch.bit"/>
  <File Type="POSTROUTE-PHYSOPT-TIMING-RPX" Name="dlatch_timing_summary_postroute_physopted.rpx"/>
  <File Type="POSTROUTE-PHYSOPT-TIMING" Name="dlatch_timing_summary_postroute_physopted.rpt"/>
  <File Type="POSTROUTE-PHYSOPT-DCP" Name="dlatch_postroute_physopt.dcp"/>
  <File Type="ROUTE-CLK" Name="dlatch_clock_utilization_routed.rpt"/>
  <File Type="ROUTE-SIMILARITY" Name="dlatch_incremental_reuse_routed.rpt"/>
  <File Type="ROUTE-TIMING-RPX" Name="dlatch_timing_summary_routed.rpx"/>
  <File Type="ROUTE-TIMING-PB" Name="dlatch_timing_summary_routed.pb"/>
  <File Type="ROUTE-TIMINGSUMMARY" Name="dlatch_timing_summary_routed.rpt"/>
  <File Type="ROUTE-STATUS-PB" Name="dlatch_route_status.pb"/>
  <File Type="ROUTE-STATUS" Name="dlatch_route_status.rpt"/>
  <File Type="ROUTE-PWR-SUM" Name="dlatch_power_summary_routed.pb"/>
  <File Type="ROUTE-PWR" Name="dlatch_power_routed.rpt"/>
  <File Type="ROUTE-DRC-PB" Name="dlatch_drc_routed.pb"/>
  <File Type="ROUTE-DRC" Name="dlatch_drc_routed.rpt"/>
  <File Type="ROUTE-DCP" Name="dlatch_routed.dcp"/>
  <File Type="PHYSOPT-TIMING" Name="dlatch_timing_summary_physopted.rpt"/>
  <File Type="PHYSOPT-DRC" Name="dlatch_drc_physopted.rpt"/>
  <File Type="PHYSOPT-DCP" Name="dlatch_physopt.dcp"/>
  <File Type="POSTPLACE-PWROPT-TIMING" Name="dlatch_timing_summary_postplace_pwropted.rpt"/>
  <File Type="POSTPLACE-PWROPT-DCP" Name="dlatch_postplace_pwropt.dcp"/>
  <File Type="PLACE-TIMING" Name="dlatch_timing_summary_placed.rpt"/>
  <File Type="PLACE-PRE-SIMILARITY" Name="dlatch_incremental_reuse_pre_placed.rpt"/>
  <File Type="PLACE-SIMILARITY" Name="dlatch_incremental_reuse_placed.rpt"/>
  <File Type="PLACE-CTRL" Name="dlatch_control_sets_placed.rpt"/>
  <File Type="PLACE-UTIL-PB" Name="dlatch_utilization_placed.pb"/>
  <File Type="PLACE-UTIL" Name="dlatch_utilization_placed.rpt"/>
  <File Type="PLACE-CLK" Name="dlatch_clock_utilization_placed.rpt"/>
  <File Type="PLACE-IO" Name="dlatch_io_placed.rpt"/>
  <File Type="PLACE-DCP" Name="dlatch_placed.dcp"/>
  <File Type="PWROPT-TIMING" Name="dlatch_timing_summary_pwropted.rpt"/>
  <File Type="PWROPT-DRC" Name="dlatch_drc_pwropted.rpt"/>
  <File Type="PWROPT-DCP" Name="dlatch_pwropt.dcp"/>
  <File Type="OPT-TIMING" Name="dlatch_timing_summary_opted.rpt"/>
  <File Type="OPT-HWDEF" Name="dlatch.hwdef"/>
  <File Type="OPT-DRC" Name="dlatch_drc_opted.rpt"/>
  <File Type="INIT-TIMING" Name="dlatch_timing_summary_init.rpt"/>
  <File Type="POSTROUTE-PHYSOPT-TIMING-PB" Name="dlatch_timing_summary_postroute_physopted.pb"/>
  <File Type="PA-TCL" Name="dlatch.tcl"/>
  <File Type="RUN-STRAT" Name="$PDATADIR/runs/impl_1/impl_1.psg"/>
  <File Type="RUN-SRCS" Name="$PDATADIR/runs/impl_1/sources.xml"/>
  <File Type="RUN-CONSTRS" Name="$PDATADIR/runs/impl_1/constrs_in.xml"/>
  <FileSet Name="sources" Type="DesignSrcs" RelSrcDir="$PSRCDIR/sources_1">
    <Filter Type="Srcs"/>
    <File Path="$PSRCDIR/sources_1/new/dlatch.v">
      <FileInfo>
        <Attr Name="UsedIn" Val="synthesis"/>
        <Attr Name="UsedIn" Val="implementation"/>
        <Attr Name="UsedIn" Val="simulation"/>
      </FileInfo>
    </File>
    <File Path="$PSRCDIR/sources_1/new/DFF.v">
      <FileInfo>
        <Attr Name="UsedIn" Val="synthesis"/>
        <Attr Name="UsedIn" Val="implementation"/>
        <Attr Name="UsedIn" Val="simulation"/>
      </FileInfo>
    </File>
    <File Path="$PSRCDIR/sources_1/new/Latch_dataflow.v">
      <FileInfo>
        <Attr Name="UsedIn" Val="synthesis"/>
        <Attr Name="UsedIn" Val="implementation"/>
        <Attr Name="UsedIn" Val="simulation"/>
      </FileInfo>
    </File>
    <File Path="$PSRCDIR/sources_1/new/DFF_dataflow.v">
      <FileInfo>
        <Attr Name="UsedIn" Val="synthesis"/>
        <Attr Name="UsedIn" Val="implementation"/>
        <Attr Name="UsedIn" Val="simulation"/>
      </FileInfo>
    </File>
    <Config>
      <Option Name="DesignMode" Val="RTL"/>
      <Option Name="TopModule" Val="dlatch"/>
    </Config>
  </FileSet>
  <FileSet Name="constrs_in" Type="Constrs" RelSrcDir="$PSRCDIR/constrs_1">
    <Filter Type="Constrs"/>
    <File Path="$PSRCDIR/constrs_1/new/DFFConstraints.xdc">
      <FileInfo>
        <Attr Name="UsedIn" Val="synthesis"/>
        <Attr Name="UsedIn" Val="implementation"/>
      </FileInfo>
    </File>
    <Config>
      <Option Name="ConstrsType" Val="XDC"/>
    </Config>
  </FileSet>
  <Strategy Version="1" Minor="2">
    <StratHandle Name="Vivado Implementation Defaults" Flow="Vivado Implementation 2015"/>
    <Step Id="init_design"/>
    <Step Id="opt_design"/>
    <Step Id="power_opt_design"/>
    <Step Id="place_design"/>
    <Step Id="post_place_power_opt_design"/>
    <Step Id="phys_opt_design"/>
    <Step Id="route_design"/>
    <Step Id="post_route_phys_opt_design"/>
    <Step Id="write_bitstream"/>
  </Strategy>
</GenRun>
